{
    "chemistry_data": {
        "dates": [],
        "values": {
            "pH": [],
            "Total Chlorine (ppm)": [],
            "Free Chlorine (ppm)": [],
            "Bromine (ppm)": [],
            "Alkalinity (ppm)": [],
            "Hardness (ppm)": [],
            "Cyanuric Acid (ppm)": [],
            "TDS (ppm)": [],
            "Salt (ppm)": [],
            "Stabilizer (ppm)": []
        }
    },
    "graph_settings": {
        "selected_parameter": "pH",
        "time_range": "1W",
        "show_ideal_range": true,
        "show_grid": true
    },
    "alert_settings": {
        "enabled": true,
        "check_interval": 300,
        "sound_enabled": true,
        "last_alert_time": {}
    },
    "window_size": {
        "width": 1707,
        "height": 996
    },
    "last_update": "2025-06-18T20:16:37.372938"
}