[
  {
    "alert_id": "ALT20251106124856",
    "pool_id": "POOL001",
    "timestamp": "2025-11-06 12:48:56",
    "severity": "critical",
    "parameter": "pH",
    "value": 6.0,
    "threshold": 0,
    "message": "DANGEROUSLY LOW",
    "action_recommended": "Add Soda Ash immediately. Do not swim!",
    "resolved": false,
    "resolved_timestamp": null,
    "action_taken": null,
    "notes": "",
    "snoozed_until": null,
    "status": "unacknowledged"
  },
  {
    "alert_id": "5557021b-7786-48ad-9294-57115cd1e0e0",
    "pool_id": "default",
    "pool_name": "Unknown Pool",
    "timestamp": "2025-11-06T16:35:20.441454",
    "parameter": "pH",
    "value": 6.0,
    "threshold_min": 7.2,
    "threshold_max": 7.8,
    "message": "pH DANGEROUSLY LOW: Acidic water can cause eye/skin irritation",
    "severity": "critical",
    "status": "unacknowledged",
    "acknowledged_at": null,
    "acknowledged_by": null,
    "snoozed_until": null,
    "dismissed": false,
    "dismissed_at": null,
    "notes": ""
  },
  {
    "alert_id": "bf5b62c8-583b-4b67-9fd9-f986ea88aa16",
    "pool_id": "default",
    "pool_name": "Unknown Pool",
    "timestamp": "2025-11-06T16:35:20.460545",
    "parameter": "Temperature",
    "value": 71.0,
    "threshold_min": 78,
    "threshold_max": 104,
    "message": "Temperature DANGEROUSLY HIGH: Risk of heat exhaustion",
    "severity": "critical",
    "status": "unacknowledged",
    "acknowledged_at": null,
    "acknowledged_by": null,
    "snoozed_until": null,
    "dismissed": false,
    "dismissed_at": null,
    "notes": ""
  },
  {
    "alert_id": "9311e2b7-a734-4eee-895a-ac970abf2e10",
    "pool_id": "default",
    "pool_name": "Unknown Pool",
    "timestamp": "2025-11-06T16:35:31.905420",
    "parameter": "pH",
    "value": 6.0,
    "threshold_min": 7.2,
    "threshold_max": 7.8,
    "message": "pH DANGEROUSLY LOW: Acidic water can cause eye/skin irritation",
    "severity": "critical",
    "status": "unacknowledged",
    "acknowledged_at": null,
    "acknowledged_by": null,
    "snoozed_until": null,
    "dismissed": false,
    "dismissed_at": null,
    "notes": ""
  },
  {
    "alert_id": "f1a6e265-1c65-40ce-8b3b-888e806de176",
    "pool_id": "default",
    "pool_name": "Unknown Pool",
    "timestamp": "2025-11-06T16:35:31.912619",
    "parameter": "Temperature",
    "value": 71.0,
    "threshold_min": 78,
    "threshold_max": 104,
    "message": "Temperature DANGEROUSLY HIGH: Risk of heat exhaustion",
    "severity": "critical",
    "status": "unacknowledged",
    "acknowledged_at": null,
    "acknowledged_by": null,
    "snoozed_until": null,
    "dismissed": false,
    "dismissed_at": null,
    "notes": ""
  },
  {
    "alert_id": "c4789387-4696-4aea-a192-48d25c46381d",
    "pool_id": "default",
    "pool_name": "Unknown Pool",
    "timestamp": "2025-11-06T16:36:26.351620",
    "parameter": "pH",
    "value": 8.0,
    "threshold_min": 7.2,
    "threshold_max": 7.8,
    "message": "pH Out of Range: Can cause irritation and reduce chlorine effectiveness",
    "severity": "warning",
    "status": "unacknowledged",
    "acknowledged_at": null,
    "acknowledged_by": null,
    "snoozed_until": null,
    "dismissed": false,
    "dismissed_at": null,
    "notes": ""
  },
  {
    "alert_id": "8b6a6ec1-8b80-47f9-a807-f39715893c4f",
    "pool_id": "default",
    "pool_name": "Unknown Pool",
    "timestamp": "2025-11-06T16:36:26.367392",
    "parameter": "Free Chlorine",
    "value": 0.0,
    "threshold_min": 1.0,
    "threshold_max": 3.0,
    "message": "Chlorine CRITICALLY LOW: Bacteria and algae can grow. Water unsafe!",
    "severity": "critical",
    "status": "unacknowledged",
    "acknowledged_at": null,
    "acknowledged_by": null,
    "snoozed_until": null,
    "dismissed": false,
    "dismissed_at": null,
    "notes": ""
  },
  {
    "alert_id": "591236c9-fce6-4ea8-9276-154918086fb8",
    "pool_id": "default",
    "pool_name": "Unknown Pool",
    "timestamp": "2025-11-06T16:36:26.398983",
    "parameter": "Temperature",
    "value": 71.0,
    "threshold_min": 78,
    "threshold_max": 104,
    "message": "Temperature DANGEROUSLY HIGH: Risk of heat exhaustion",
    "severity": "critical",
    "status": "unacknowledged",
    "acknowledged_at": null,
    "acknowledged_by": null,
    "snoozed_until": null,
    "dismissed": false,
    "dismissed_at": null,
    "notes": ""
  },
  {
    "alert_id": "49e85110-f4a0-4d2b-9a60-c362af9dd3ed",
    "pool_id": "default",
    "pool_name": "Unknown Pool",
    "timestamp": "2025-11-06T16:36:26.415088",
    "parameter": "Bromine",
    "value": 8.0,
    "threshold_min": 2.0,
    "threshold_max": 4.0,
    "message": "Bromine DANGEROUSLY HIGH: Can cause severe eye/skin irritation",
    "severity": "critical",
    "status": "unacknowledged",
    "acknowledged_at": null,
    "acknowledged_by": null,
    "snoozed_until": null,
    "dismissed": false,
    "dismissed_at": null,
    "notes": ""
  },
  {
    "alert_id": "ea6359a9-ba06-44ac-b4f8-c5af9ae1be72",
    "pool_id": "default",
    "pool_name": "Unknown Pool",
    "timestamp": "2025-11-06T16:36:28.335488",
    "parameter": "pH",
    "value": 8.0,
    "threshold_min": 7.2,
    "threshold_max": 7.8,
    "message": "pH Out of Range: Can cause irritation and reduce chlorine effectiveness",
    "severity": "warning",
    "status": "unacknowledged",
    "acknowledged_at": null,
    "acknowledged_by": null,
    "snoozed_until": null,
    "dismissed": false,
    "dismissed_at": null,
    "notes": ""
  },
  {
    "alert_id": "80d89f06-7afc-44cb-b2a8-75a1272517cb",
    "pool_id": "default",
    "pool_name": "Unknown Pool",
    "timestamp": "2025-11-06T16:36:28.351597",
    "parameter": "Free Chlorine",
    "value": 0.0,
    "threshold_min": 1.0,
    "threshold_max": 3.0,
    "message": "Chlorine CRITICALLY LOW: Bacteria and algae can grow. Water unsafe!",
    "severity": "critical",
    "status": "unacknowledged",
    "acknowledged_at": null,
    "acknowledged_by": null,
    "snoozed_until": null,
    "dismissed": false,
    "dismissed_at": null,
    "notes": ""
  },
  {
    "alert_id": "22b7f836-7fc0-4541-adfb-7509916d9288",
    "pool_id": "default",
    "pool_name": "Unknown Pool",
    "timestamp": "2025-11-06T16:36:28.369227",
    "parameter": "Temperature",
    "value": 71.0,
    "threshold_min": 78,
    "threshold_max": 104,
    "message": "Temperature DANGEROUSLY HIGH: Risk of heat exhaustion",
    "severity": "critical",
    "status": "unacknowledged",
    "acknowledged_at": null,
    "acknowledged_by": null,
    "snoozed_until": null,
    "dismissed": false,
    "dismissed_at": null,
    "notes": ""
  },
  {
    "alert_id": "faa74c76-40cd-4174-9ef8-ec1328fcfa76",
    "pool_id": "default",
    "pool_name": "Unknown Pool",
    "timestamp": "2025-11-06T16:36:28.383370",
    "parameter": "Bromine",
    "value": 8.0,
    "threshold_min": 2.0,
    "threshold_max": 4.0,
    "message": "Bromine DANGEROUSLY HIGH: Can cause severe eye/skin irritation",
    "severity": "critical",
    "status": "unacknowledged",
    "acknowledged_at": null,
    "acknowledged_by": null,
    "snoozed_until": null,
    "dismissed": false,
    "dismissed_at": null,
    "notes": ""
  },
  {
    "alert_id": "8d1cf19b-1c5d-43bb-a863-cda1a7d26cf3",
    "pool_id": "default",
    "pool_name": "Unknown Pool",
    "timestamp": "2025-11-06 17:12:54",
    "parameter": "pH",
    "value": 6.0,
    "threshold_min": 7.2,
    "threshold_max": 7.8,
    "message": "pH DANGEROUSLY LOW: Acidic water can cause eye/skin irritation",
    "severity": "critical",
    "status": "unacknowledged",
    "acknowledged_at": null,
    "acknowledged_by": null,
    "snoozed_until": null,
    "dismissed": false,
    "dismissed_at": null,
    "notes": ""
  },
  {
    "alert_id": "c8450b8b-f20f-4963-b864-28498e0af697",
    "pool_id": "default",
    "pool_name": "Unknown Pool",
    "timestamp": "2025-11-06 17:12:54",
    "parameter": "Temperature",
    "value": 72.0,
    "threshold_min": 78,
    "threshold_max": 104,
    "message": "Temperature DANGEROUSLY HIGH: Risk of heat exhaustion",
    "severity": "critical",
    "status": "unacknowledged",
    "acknowledged_at": null,
    "acknowledged_by": null,
    "snoozed_until": null,
    "dismissed": false,
    "dismissed_at": null,
    "notes": ""
  },
  {
    "alert_id": "0175a955-7277-4e5a-b427-a8f8d8201776",
    "pool_id": "default",
    "pool_name": "Unknown Pool",
    "timestamp": "2025-11-06 17:22:41",
    "parameter": "pH",
    "value": 7.0,
    "threshold_min": 7.2,
    "threshold_max": 7.8,
    "message": "pH Out of Range: Can cause irritation and reduce chlorine effectiveness",
    "severity": "warning",
    "status": "unacknowledged",
    "acknowledged_at": null,
    "acknowledged_by": null,
    "snoozed_until": null,
    "dismissed": false,
    "dismissed_at": null,
    "notes": ""
  },
  {
    "alert_id": "e028a890-f2af-45c6-af4a-b31ee1c67545",
    "pool_id": "default",
    "pool_name": "Unknown Pool",
    "timestamp": "2025-11-06 17:22:41",
    "parameter": "Temperature",
    "value": 71.0,
    "threshold_min": 78,
    "threshold_max": 104,
    "message": "Temperature DANGEROUSLY HIGH: Risk of heat exhaustion",
    "severity": "critical",
    "status": "unacknowledged",
    "acknowledged_at": null,
    "acknowledged_by": null,
    "snoozed_until": null,
    "dismissed": false,
    "dismissed_at": null,
    "notes": ""
  },
  {
    "alert_id": "808f50e3-9f22-4b1e-88eb-2a9c1f0981fd",
    "pool_id": "default",
    "pool_name": "Unknown Pool",
    "timestamp": "2025-11-06 17:58:16",
    "parameter": "pH",
    "value": 6.0,
    "threshold_min": 7.2,
    "threshold_max": 7.8,
    "message": "pH DANGEROUSLY LOW: Acidic water can cause eye/skin irritation",
    "severity": "critical",
    "status": "unacknowledged",
    "acknowledged_at": null,
    "acknowledged_by": null,
    "snoozed_until": null,
    "dismissed": false,
    "dismissed_at": null,
    "notes": ""
  },
  {
    "alert_id": "91658834-e4b2-455d-9971-2018d973113c",
    "pool_id": "default",
    "pool_name": "Unknown Pool",
    "timestamp": "2025-11-06 17:58:16",
    "parameter": "Temperature",
    "value": 72.0,
    "threshold_min": 78,
    "threshold_max": 104,
    "message": "Temperature DANGEROUSLY HIGH: Risk of heat exhaustion",
    "severity": "critical",
    "status": "unacknowledged",
    "acknowledged_at": null,
    "acknowledged_by": null,
    "snoozed_until": null,
    "dismissed": false,
    "dismissed_at": null,
    "notes": ""
  },
  {
    "alert_id": "c89dabb9-61c7-4fd0-b719-3bdd05a5ee73",
    "pool_id": "default",
    "pool_name": "Unknown Pool",
    "timestamp": "2025-11-06 18:26:58",
    "parameter": "pH",
    "value": 7.0,
    "threshold_min": 7.2,
    "threshold_max": 7.8,
    "message": "pH Out of Range: Can cause irritation and reduce chlorine effectiveness",
    "severity": "warning",
    "status": "unacknowledged",
    "acknowledged_at": null,
    "acknowledged_by": null,
    "snoozed_until": null,
    "dismissed": false,
    "dismissed_at": null,
    "notes": ""
  },
  {
    "alert_id": "75798860-4699-4c90-a07c-1b93b216f0d4",
    "pool_id": "default",
    "pool_name": "Unknown Pool",
    "timestamp": "2025-11-06 18:26:58",
    "parameter": "Temperature",
    "value": 71.0,
    "threshold_min": 78,
    "threshold_max": 104,
    "message": "Temperature DANGEROUSLY HIGH: Risk of heat exhaustion",
    "severity": "critical",
    "status": "unacknowledged",
    "acknowledged_at": null,
    "acknowledged_by": null,
    "snoozed_until": null,
    "dismissed": false,
    "dismissed_at": null,
    "notes": ""
  },
  {
    "alert_id": "9dc831d4-3885-40bd-b505-738db08866c4",
    "pool_id": "default",
    "pool_name": "Unknown Pool",
    "timestamp": "2025-11-06 18:27:17",
    "parameter": "pH",
    "value": 7.0,
    "threshold_min": 7.2,
    "threshold_max": 7.8,
    "message": "pH Out of Range: Can cause irritation and reduce chlorine effectiveness",
    "severity": "warning",
    "status": "unacknowledged",
    "acknowledged_at": null,
    "acknowledged_by": null,
    "snoozed_until": null,
    "dismissed": false,
    "dismissed_at": null,
    "notes": ""
  },
  {
    "alert_id": "9ce5b737-7f82-41f1-b698-f9c6f402336e",
    "pool_id": "default",
    "pool_name": "Unknown Pool",
    "timestamp": "2025-11-06 18:27:17",
    "parameter": "Temperature",
    "value": 71.0,
    "threshold_min": 78,
    "threshold_max": 104,
    "message": "Temperature DANGEROUSLY HIGH: Risk of heat exhaustion",
    "severity": "critical",
    "status": "unacknowledged",
    "acknowledged_at": null,
    "acknowledged_by": null,
    "snoozed_until": null,
    "dismissed": false,
    "dismissed_at": null,
    "notes": ""
  },
  {
    "alert_id": "ad8a27c3-b126-43ea-87bf-56ab9c0cde4c",
    "pool_id": "default",
    "pool_name": "Unknown Pool",
    "timestamp": "2025-11-06 18:27:29",
    "parameter": "pH",
    "value": 7.0,
    "threshold_min": 7.2,
    "threshold_max": 7.8,
    "message": "pH Out of Range: Can cause irritation and reduce chlorine effectiveness",
    "severity": "warning",
    "status": "unacknowledged",
    "acknowledged_at": null,
    "acknowledged_by": null,
    "snoozed_until": null,
    "dismissed": false,
    "dismissed_at": null,
    "notes": ""
  },
  {
    "alert_id": "651648c6-a979-433c-93de-259e5f58bce8",
    "pool_id": "default",
    "pool_name": "Unknown Pool",
    "timestamp": "2025-11-06 18:27:29",
    "parameter": "Temperature",
    "value": 71.0,
    "threshold_min": 78,
    "threshold_max": 104,
    "message": "Temperature DANGEROUSLY HIGH: Risk of heat exhaustion",
    "severity": "critical",
    "status": "unacknowledged",
    "acknowledged_at": null,
    "acknowledged_by": null,
    "snoozed_until": null,
    "dismissed": false,
    "dismissed_at": null,
    "notes": ""
  },
  {
    "alert_id": "f34dec4d-2da8-4b30-91ef-0d5aff857818",
    "pool_id": "default",
    "pool_name": "Unknown Pool",
    "timestamp": "2025-11-06 18:33:09",
    "parameter": "pH",
    "value": 7.0,
    "threshold_min": 7.2,
    "threshold_max": 7.8,
    "message": "pH Out of Range: Can cause irritation and reduce chlorine effectiveness",
    "severity": "warning",
    "status": "unacknowledged",
    "acknowledged_at": null,
    "acknowledged_by": null,
    "snoozed_until": null,
    "dismissed": false,
    "dismissed_at": null,
    "notes": ""
  },
  {
    "alert_id": "629630ab-7893-486c-91c2-c2fd85019109",
    "pool_id": "default",
    "pool_name": "Unknown Pool",
    "timestamp": "2025-11-06 18:33:09",
    "parameter": "Temperature",
    "value": 71.0,
    "threshold_min": 78,
    "threshold_max": 104,
    "message": "Temperature DANGEROUSLY HIGH: Risk of heat exhaustion",
    "severity": "critical",
    "status": "unacknowledged",
    "acknowledged_at": null,
    "acknowledged_by": null,
    "snoozed_until": null,
    "dismissed": false,
    "dismissed_at": null,
    "notes": ""
  },
  {
    "alert_id": "8baf157b-f482-4e95-845f-2ab16cc7732b",
    "pool_id": "default",
    "pool_name": "Unknown Pool",
    "timestamp": "2025-11-06 18:34:21",
    "parameter": "pH",
    "value": 7.0,
    "threshold_min": 7.2,
    "threshold_max": 7.8,
    "message": "pH Out of Range: Can cause irritation and reduce chlorine effectiveness",
    "severity": "warning",
    "status": "unacknowledged",
    "acknowledged_at": null,
    "acknowledged_by": null,
    "snoozed_until": null,
    "dismissed": false,
    "dismissed_at": null,
    "notes": ""
  },
  {
    "alert_id": "b09e0830-a7bf-459d-9825-e6b3b91473a1",
    "pool_id": "default",
    "pool_name": "Unknown Pool",
    "timestamp": "2025-11-06 18:34:21",
    "parameter": "Temperature",
    "value": 74.0,
    "threshold_min": 78,
    "threshold_max": 104,
    "message": "Temperature Out of Range: Temperature not ideal",
    "severity": "warning",
    "status": "unacknowledged",
    "acknowledged_at": null,
    "acknowledged_by": null,
    "snoozed_until": null,
    "dismissed": false,
    "dismissed_at": null,
    "notes": ""
  },
  {
    "alert_id": "0e87ea7b-0c3a-4145-9e22-6f9a351c8220",
    "pool_id": "default",
    "pool_name": "Unknown Pool",
    "timestamp": "2025-11-06 18:34:40",
    "parameter": "Temperature",
    "value": 74.0,
    "threshold_min": 78,
    "threshold_max": 104,
    "message": "Temperature Out of Range: Temperature not ideal",
    "severity": "warning",
    "status": "unacknowledged",
    "acknowledged_at": null,
    "acknowledged_by": null,
    "snoozed_until": null,
    "dismissed": false,
    "dismissed_at": null,
    "notes": ""
  },
  {
    "alert_id": "6fde257b-60b7-4c45-a4d8-1549872ea970",
    "pool_id": "default",
    "pool_name": "Unknown Pool",
    "timestamp": "2025-11-06 18:34:54",
    "parameter": "Temperature",
    "value": 74.0,
    "threshold_min": 78,
    "threshold_max": 104,
    "message": "Temperature Out of Range: Temperature not ideal",
    "severity": "warning",
    "status": "unacknowledged",
    "acknowledged_at": null,
    "acknowledged_by": null,
    "snoozed_until": null,
    "dismissed": false,
    "dismissed_at": null,
    "notes": ""
  },
  {
    "alert_id": "7983b3f3-0b43-4734-9e96-80c68492db9b",
    "pool_id": "default",
    "pool_name": "Unknown Pool",
    "timestamp": "2025-11-06 18:43:56",
    "parameter": "pH",
    "value": 7.0,
    "threshold_min": 7.2,
    "threshold_max": 7.8,
    "message": "pH Out of Range: Can cause irritation and reduce chlorine effectiveness",
    "severity": "warning",
    "status": "unacknowledged",
    "acknowledged_at": null,
    "acknowledged_by": null,
    "snoozed_until": null,
    "dismissed": false,
    "dismissed_at": null,
    "notes": ""
  },
  {
    "alert_id": "f62dda64-1b67-489c-b168-dd4d7bfa0ba7",
    "pool_id": "default",
    "pool_name": "Unknown Pool",
    "timestamp": "2025-11-06 19:01:06",
    "parameter": "pH",
    "value": 6.0,
    "threshold_min": 7.2,
    "threshold_max": 7.8,
    "message": "pH DANGEROUSLY LOW: Acidic water can cause eye/skin irritation",
    "severity": "critical",
    "status": "unacknowledged",
    "acknowledged_at": null,
    "acknowledged_by": null,
    "snoozed_until": null,
    "dismissed": false,
    "dismissed_at": null,
    "notes": ""
  },
  {
    "alert_id": "6e548975-f814-4bf2-8eba-0c6ff8951972",
    "pool_id": "default",
    "pool_name": "Unknown Pool",
    "timestamp": "2025-11-06 19:02:30",
    "parameter": "pH",
    "value": 8.0,
    "threshold_min": 7.2,
    "threshold_max": 7.8,
    "message": "pH Out of Range: Can cause irritation and reduce chlorine effectiveness",
    "severity": "warning",
    "status": "unacknowledged",
    "acknowledged_at": null,
    "acknowledged_by": null,
    "snoozed_until": null,
    "dismissed": false,
    "dismissed_at": null,
    "notes": ""
  },
  {
    "alert_id": "26c63aa9-f2dd-4c07-9f8c-fd49d4d1af35",
    "pool_id": "default",
    "pool_name": "Unknown Pool",
    "timestamp": "2025-11-06 19:02:30",
    "parameter": "Free Chlorine",
    "value": 0.0,
    "threshold_min": 1.0,
    "threshold_max": 3.0,
    "message": "Chlorine CRITICALLY LOW: Bacteria and algae can grow. Water unsafe!",
    "severity": "critical",
    "status": "unacknowledged",
    "acknowledged_at": null,
    "acknowledged_by": null,
    "snoozed_until": null,
    "dismissed": false,
    "dismissed_at": null,
    "notes": ""
  },
  {
    "alert_id": "06f299b4-5cff-4c55-9e90-807d89e96395",
    "pool_id": "default",
    "pool_name": "Unknown Pool",
    "timestamp": "2025-11-06 19:02:30",
    "parameter": "Bromine",
    "value": 8.0,
    "threshold_min": 2.0,
    "threshold_max": 4.0,
    "message": "Bromine DANGEROUSLY HIGH: Can cause severe eye/skin irritation",
    "severity": "critical",
    "status": "unacknowledged",
    "acknowledged_at": null,
    "acknowledged_by": null,
    "snoozed_until": null,
    "dismissed": false,
    "dismissed_at": null,
    "notes": ""
  },
  {
    "alert_id": "e71ba9de-9fc1-45ab-aa09-a478db4fcde2",
    "pool_id": "default",
    "pool_name": "Unknown Pool",
    "timestamp": "2025-11-06 19:02:47",
    "parameter": "pH",
    "value": 8.0,
    "threshold_min": 7.2,
    "threshold_max": 7.8,
    "message": "pH Out of Range: Can cause irritation and reduce chlorine effectiveness",
    "severity": "warning",
    "status": "unacknowledged",
    "acknowledged_at": null,
    "acknowledged_by": null,
    "snoozed_until": null,
    "dismissed": false,
    "dismissed_at": null,
    "notes": ""
  },
  {
    "alert_id": "6006adb7-3606-4526-95d0-88a0043ff701",
    "pool_id": "default",
    "pool_name": "Unknown Pool",
    "timestamp": "2025-11-06 19:02:47",
    "parameter": "Free Chlorine",
    "value": 0.0,
    "threshold_min": 1.0,
    "threshold_max": 3.0,
    "message": "Chlorine CRITICALLY LOW: Bacteria and algae can grow. Water unsafe!",
    "severity": "critical",
    "status": "unacknowledged",
    "acknowledged_at": null,
    "acknowledged_by": null,
    "snoozed_until": null,
    "dismissed": false,
    "dismissed_at": null,
    "notes": ""
  },
  {
    "alert_id": "1d67b99a-8d7a-44ba-83fc-3eadd379823d",
    "pool_id": "default",
    "pool_name": "Unknown Pool",
    "timestamp": "2025-11-06 19:03:02",
    "parameter": "pH",
    "value": 8.0,
    "threshold_min": 7.2,
    "threshold_max": 7.8,
    "message": "pH Out of Range: Can cause irritation and reduce chlorine effectiveness",
    "severity": "warning",
    "status": "unacknowledged",
    "acknowledged_at": null,
    "acknowledged_by": null,
    "snoozed_until": null,
    "dismissed": false,
    "dismissed_at": null,
    "notes": ""
  },
  {
    "alert_id": "7db11184-0c00-485f-ba59-3198c074baa7",
    "pool_id": "default",
    "pool_name": "Unknown Pool",
    "timestamp": "2025-11-06 19:03:10",
    "parameter": "pH",
    "value": 8.0,
    "threshold_min": 7.2,
    "threshold_max": 7.8,
    "message": "pH Out of Range: Can cause irritation and reduce chlorine effectiveness",
    "severity": "warning",
    "status": "unacknowledged",
    "acknowledged_at": null,
    "acknowledged_by": null,
    "snoozed_until": null,
    "dismissed": false,
    "dismissed_at": null,
    "notes": ""
  },
  {
    "alert_id": "2ba27464-f78e-41ef-864a-3b504375db8c",
    "pool_id": "default",
    "pool_name": "Unknown Pool",
    "timestamp": "2025-11-06 19:09:52",
    "parameter": "pH",
    "value": 6.2,
    "threshold_min": 7.2,
    "threshold_max": 7.8,
    "message": "pH DANGEROUSLY LOW: Acidic water can cause eye/skin irritation",
    "severity": "critical",
    "status": "unacknowledged",
    "acknowledged_at": null,
    "acknowledged_by": null,
    "snoozed_until": null,
    "dismissed": false,
    "dismissed_at": null,
    "notes": ""
  },
  {
    "alert_id": "c7ef5284-851b-43b0-8aed-18b12524ef11",
    "pool_id": "default",
    "pool_name": "Unknown Pool",
    "timestamp": "2025-11-06 19:09:52",
    "parameter": "Cyanuric Acid",
    "value": 100.0,
    "threshold_min": 30,
    "threshold_max": 50,
    "message": "CYA DANGEROUSLY HIGH: Chlorine effectiveness severely reduced",
    "severity": "critical",
    "status": "unacknowledged",
    "acknowledged_at": null,
    "acknowledged_by": null,
    "snoozed_until": null,
    "dismissed": false,
    "dismissed_at": null,
    "notes": ""
  },
  {
    "alert_id": "add70824-517c-4008-b5b8-6cc671a5e43e",
    "pool_id": "default",
    "pool_name": "Unknown Pool",
    "timestamp": "2025-11-06 19:15:01",
    "parameter": "pH",
    "value": 6.2,
    "threshold_min": 7.2,
    "threshold_max": 7.8,
    "message": "pH DANGEROUSLY LOW: Acidic water can cause eye/skin irritation",
    "severity": "critical",
    "status": "unacknowledged",
    "acknowledged_at": null,
    "acknowledged_by": null,
    "snoozed_until": null,
    "dismissed": false,
    "dismissed_at": null,
    "notes": ""
  },
  {
    "alert_id": "57cf372f-af14-488d-aeb0-2bf11c17e127",
    "pool_id": "default",
    "pool_name": "Unknown Pool",
    "timestamp": "2025-11-06 19:15:01",
    "parameter": "Cyanuric Acid",
    "value": 100.0,
    "threshold_min": 30,
    "threshold_max": 50,
    "message": "CYA DANGEROUSLY HIGH: Chlorine effectiveness severely reduced",
    "severity": "critical",
    "status": "unacknowledged",
    "acknowledged_at": null,
    "acknowledged_by": null,
    "snoozed_until": null,
    "dismissed": false,
    "dismissed_at": null,
    "notes": ""
  },
  {
    "alert_id": "93f0a4ae-064d-48b0-bfe8-e68b526d0cb9",
    "pool_id": "default",
    "pool_name": "Unknown Pool",
    "timestamp": "2025-11-06 19:52:19",
    "parameter": "pH",
    "value": 7.0,
    "threshold_min": 7.2,
    "threshold_max": 7.8,
    "message": "pH Out of Range: Can cause irritation and reduce chlorine effectiveness",
    "severity": "warning",
    "status": "unacknowledged",
    "acknowledged_at": null,
    "acknowledged_by": null,
    "snoozed_until": null,
    "dismissed": false,
    "dismissed_at": null,
    "notes": ""
  },
  {
    "alert_id": "6df25115-5fa4-4edf-a550-ee7520052ada",
    "pool_id": "default",
    "pool_name": "Unknown Pool",
    "timestamp": "2025-11-06 19:58:11",
    "parameter": "pH",
    "value": 6.0,
    "threshold_min": 7.2,
    "threshold_max": 7.8,
    "message": "pH DANGEROUSLY LOW: Acidic water can cause eye/skin irritation",
    "severity": "critical",
    "status": "unacknowledged",
    "acknowledged_at": null,
    "acknowledged_by": null,
    "snoozed_until": null,
    "dismissed": false,
    "dismissed_at": null,
    "notes": ""
  },
  {
    "alert_id": "67867d25-da13-4d2b-a630-d412ae779685",
    "pool_id": "default",
    "pool_name": "Unknown Pool",
    "timestamp": "2025-11-06 19:58:11",
    "parameter": "Free Chlorine",
    "value": 0.0,
    "threshold_min": 1.0,
    "threshold_max": 3.0,
    "message": "Chlorine CRITICALLY LOW: Bacteria and algae can grow. Water unsafe!",
    "severity": "critical",
    "status": "unacknowledged",
    "acknowledged_at": null,
    "acknowledged_by": null,
    "snoozed_until": null,
    "dismissed": false,
    "dismissed_at": null,
    "notes": ""
  },
  {
    "alert_id": "4c4ce607-7a72-4748-bfe2-c2985358b8b2",
    "pool_id": "default",
    "pool_name": "Unknown Pool",
    "timestamp": "2025-11-07 09:10:48",
    "parameter": "pH",
    "value": 7.0,
    "threshold_min": 7.2,
    "threshold_max": 7.8,
    "message": "pH Out of Range: Can cause irritation and reduce chlorine effectiveness",
    "severity": "warning",
    "status": "unacknowledged",
    "acknowledged_at": null,
    "acknowledged_by": null,
    "snoozed_until": null,
    "dismissed": false,
    "dismissed_at": null,
    "notes": ""
  },
  {
    "alert_id": "c2614efa-0025-4576-ae0b-1916a4e69ad6",
    "pool_id": "default",
    "pool_name": "Unknown Pool",
    "timestamp": "2025-11-07 09:10:48",
    "parameter": "Cyanuric Acid",
    "value": 10.0,
    "threshold_min": 30,
    "threshold_max": 50,
    "message": "CYA DANGEROUSLY HIGH: Chlorine effectiveness severely reduced",
    "severity": "critical",
    "status": "unacknowledged",
    "acknowledged_at": null,
    "acknowledged_by": null,
    "snoozed_until": null,
    "dismissed": false,
    "dismissed_at": null,
    "notes": ""
  },
  {
    "alert_id": "eab7e4b9-1b26-455d-8bb6-82d8daee7471",
    "pool_id": "default",
    "pool_name": "Unknown Pool",
    "timestamp": "2025-11-07 09:11:03",
    "parameter": "pH",
    "value": 7.0,
    "threshold_min": 7.2,
    "threshold_max": 7.8,
    "message": "pH Out of Range: Can cause irritation and reduce chlorine effectiveness",
    "severity": "warning",
    "status": "unacknowledged",
    "acknowledged_at": null,
    "acknowledged_by": null,
    "snoozed_until": null,
    "dismissed": false,
    "dismissed_at": null,
    "notes": ""
  },
  {
    "alert_id": "157e0554-1570-4066-9562-5304bd906aee",
    "pool_id": "default",
    "pool_name": "Unknown Pool",
    "timestamp": "2025-11-07 09:11:03",
    "parameter": "Cyanuric Acid",
    "value": 10.0,
    "threshold_min": 30,
    "threshold_max": 50,
    "message": "CYA DANGEROUSLY HIGH: Chlorine effectiveness severely reduced",
    "severity": "critical",
    "status": "unacknowledged",
    "acknowledged_at": null,
    "acknowledged_by": null,
    "snoozed_until": null,
    "dismissed": false,
    "dismissed_at": null,
    "notes": ""
  }
]