{
    "timestamp": "2025-11-07T09:11:03.326048",
    "readings": [
        {
            "ph": 6.0,
            "free_chlorine": 1.0,
            "total_chlorine": 1.0,
            "alkalinity": 100.0,
            "calcium_hardness": 220.0,
            "cyanuric_acid": 33.0,
            "salt": 2800.0,
            "bromine": 3.0,
            "temperature": 71.0,
            "date": "2025-11-04",
            "time": "09:02:19",
            "timestamp": "2025-11-04T09:02:19.634929"
        },
        {
            "ph": 6.2,
            "free_chlorine": 1.0,
            "total_chlorine": 1.0,
            "alkalinity": 100.0,
            "calcium_hardness": 220.0,
            "cyanuric_acid": 33.0,
            "salt": 2800.0,
            "bromine": 3.0,
            "temperature": 71.0,
            "date": "2025-11-04",
            "time": "09:02:48",
            "timestamp": "2025-11-04T09:02:48.196342"
        },
        {
            "ph": 6.0,
            "free_chlorine": 1.0,
            "total_chlorine": 1.0,
            "alkalinity": 1.0,
            "calcium_hardness": 220.0,
            "cyanuric_acid": 33.0,
            "salt": 2700.0,
            "bromine": 3.0,
            "temperature": 71.0,
            "date": "2025-11-04",
            "time": "09:04:45",
            "timestamp": "2025-11-04T09:04:45.575288"
        },
        {
            "ph": 8.0,
            "free_chlorine": 0.0,
            "total_chlorine": 0.0,
            "alkalinity": 240.0,
            "calcium_hardness": 100.0,
            "cyanuric_acid": 50.0,
            "salt": 2700.0,
            "bromine": 8.0,
            "temperature": 71.0,
            "date": "2025-11-04",
            "time": "09:05:04",
            "timestamp": "2025-11-04T09:05:04.361783"
        },
        {
            "ph": 6.0,
            "free_chlorine": 1.0,
            "total_chlorine": 1.0,
            "alkalinity": 100.0,
            "calcium_hardness": 220.0,
            "cyanuric_acid": 33.0,
            "salt": 2500.0,
            "bromine": 3.0,
            "temperature": 72.0,
            "date": "2025-11-04",
            "time": "09:32:02",
            "timestamp": "2025-11-04T09:32:02.608157"
        },
        {
            "ph": 6.0,
            "free_chlorine": 1.0,
            "total_chlorine": 1.0,
            "alkalinity": 100.0,
            "calcium_hardness": 220.0,
            "cyanuric_acid": 33.0,
            "salt": 2800.0,
            "bromine": 33.0,
            "temperature": 71.0,
            "date": "2025-11-04",
            "time": "10:15:09",
            "timestamp": "2025-11-04T10:15:09.596530"
        },
        {
            "ph": 7.3,
            "free_chlorine": 1.0,
            "total_chlorine": 1.0,
            "alkalinity": 100.0,
            "calcium_hardness": 220.0,
            "cyanuric_acid": 33.0,
            "salt": 2899.0,
            "bromine": 3.0,
            "temperature": 77.5,
            "date": "2025-11-04",
            "time": "10:47:55",
            "timestamp": "2025-11-04T10:47:55.827991"
        },
        {
            "ph": 7.3,
            "free_chlorine": 1.0,
            "total_chlorine": 1.0,
            "alkalinity": 100.0,
            "calcium_hardness": 220.0,
            "cyanuric_acid": 33.0,
            "salt": 2899.0,
            "bromine": 3.0,
            "temperature": 77.5,
            "date": "2025-11-04",
            "time": "10:47:57",
            "timestamp": "2025-11-04T10:47:57.770811"
        },
        {
            "ph": 6.0,
            "free_chlorine": 1.0,
            "total_chlorine": 1.0,
            "alkalinity": 100.0,
            "calcium_hardness": 10.0,
            "cyanuric_acid": 33.0,
            "salt": 2899.0,
            "bromine": 3.0,
            "temperature": 77.5,
            "date": "2025-11-04",
            "time": "10:48:12",
            "timestamp": "2025-11-04T10:48:12.343590"
        },
        {
            "ph": 6.0,
            "free_chlorine": 1.0,
            "total_chlorine": 1.0,
            "alkalinity": 100.0,
            "calcium_hardness": 10.0,
            "cyanuric_acid": 33.0,
            "salt": 2899.0,
            "bromine": 3.0,
            "temperature": 77.5,
            "date": "2025-11-04",
            "time": "10:48:46",
            "timestamp": "2025-11-04T10:48:46.467997"
        },
        {
            "ph": 6.9,
            "free_chlorine": 1.0,
            "total_chlorine": 1.0,
            "alkalinity": 80.0,
            "calcium_hardness": 200.0,
            "cyanuric_acid": 33.0,
            "salt": 2800.0,
            "bromine": 3.0,
            "temperature": 71.0,
            "date": "2025-11-04",
            "time": "11:33:30",
            "timestamp": "2025-11-04T11:33:30.506928"
        },
        {
            "ph": 6.8,
            "free_chlorine": 5.0,
            "total_chlorine": 5.0,
            "alkalinity": 40.0,
            "calcium_hardness": 800.0,
            "cyanuric_acid": 150.0,
            "salt": 5000.0,
            "bromine": 0.0,
            "date": "2025-11-04",
            "time": "11:34:14",
            "timestamp": "2025-11-04T11:34:14.586997"
        },
        {
            "ph": 7.2,
            "free_chlorine": 1.0,
            "total_chlorine": 1.0,
            "alkalinity": 100.0,
            "calcium_hardness": 180.0,
            "cyanuric_acid": 33.0,
            "salt": 2600.0,
            "bromine": 3.0,
            "temperature": 79.3,
            "date": "2025-11-04",
            "time": "11:35:52",
            "timestamp": "2025-11-04T11:35:52.260272"
        },
        {
            "ph": 7.2,
            "free_chlorine": 1.0,
            "total_chlorine": 1.0,
            "alkalinity": 100.0,
            "calcium_hardness": 180.0,
            "cyanuric_acid": 33.0,
            "salt": 2600.0,
            "bromine": 3.0,
            "temperature": 79.3,
            "date": "2025-11-04",
            "time": "11:35:53",
            "timestamp": "2025-11-04T11:35:53.755561"
        },
        {
            "ph": 7.2,
            "free_chlorine": 1.0,
            "total_chlorine": 1.0,
            "alkalinity": 100.0,
            "calcium_hardness": 180.0,
            "cyanuric_acid": 33.0,
            "salt": 2600.0,
            "bromine": 3.0,
            "temperature": 79.3,
            "date": "2025-11-04",
            "time": "11:35:56",
            "timestamp": "2025-11-04T11:35:56.331223"
        },
        {
            "ph": 6.0,
            "free_chlorine": 1.0,
            "total_chlorine": 1.0,
            "alkalinity": 100.0,
            "calcium_hardness": 220.0,
            "cyanuric_acid": 33.0,
            "salt": 2600.0,
            "bromine": 3.0,
            "temperature": 72.0,
            "date": "2025-11-04",
            "time": "11:49:59",
            "timestamp": "2025-11-04T11:49:59.995726"
        },
        {
            "ph": 6.0,
            "free_chlorine": 1.0,
            "total_chlorine": 1.0,
            "alkalinity": 100.0,
            "calcium_hardness": 220.0,
            "cyanuric_acid": 33.0,
            "salt": 2600.0,
            "bromine": 3.0,
            "temperature": 72.0,
            "date": "2025-11-04",
            "time": "11:51:29",
            "timestamp": "2025-11-04T11:51:29.789398"
        },
        {
            "ph": 7.0,
            "free_chlorine": 1.0,
            "total_chlorine": 1.0,
            "alkalinity": 100.0,
            "calcium_hardness": 220.0,
            "cyanuric_acid": 33.0,
            "salt": 2600.0,
            "bromine": 3.0,
            "temperature": 72.0,
            "date": "2025-11-04",
            "time": "11:51:41",
            "timestamp": "2025-11-04T11:51:41.376490"
        },
        {
            "ph": 7.0,
            "free_chlorine": 1.0,
            "total_chlorine": 1.0,
            "alkalinity": 100.0,
            "calcium_hardness": 220.0,
            "cyanuric_acid": 33.0,
            "salt": 2600.0,
            "bromine": 3.0,
            "temperature": 72.0,
            "date": "2025-11-04",
            "time": "11:51:44",
            "timestamp": "2025-11-04T11:51:44.709403"
        },
        {
            "ph": 7.2,
            "free_chlorine": 1.0,
            "total_chlorine": 1.0,
            "alkalinity": 100.0,
            "calcium_hardness": 220.0,
            "cyanuric_acid": 33.0,
            "salt": 2600.0,
            "bromine": 3.0,
            "temperature": 72.0,
            "date": "2025-11-04",
            "time": "11:51:50",
            "timestamp": "2025-11-04T11:51:50.345262"
        },
        {
            "ph": 7.2,
            "free_chlorine": 1.0,
            "total_chlorine": 1.0,
            "alkalinity": 100.0,
            "calcium_hardness": 220.0,
            "cyanuric_acid": 33.0,
            "salt": 2800.0,
            "bromine": 3.0,
            "temperature": 72.0,
            "date": "2025-11-04",
            "time": "11:51:58",
            "timestamp": "2025-11-04T11:51:58.816059"
        },
        {
            "ph": 6.0,
            "free_chlorine": 1.0,
            "total_chlorine": 1.0,
            "alkalinity": 100.0,
            "calcium_hardness": 190.0,
            "cyanuric_acid": 25.0,
            "salt": 2800.0,
            "bromine": 2.0,
            "temperature": 71.0,
            "date": "2025-11-04",
            "time": "12:02:06",
            "timestamp": "2025-11-04T12:02:06.836453"
        },
        {
            "ph": 6.0,
            "free_chlorine": 1.0,
            "total_chlorine": 1.0,
            "alkalinity": 100.0,
            "calcium_hardness": 190.0,
            "cyanuric_acid": 25.0,
            "salt": 2800.0,
            "bromine": 2.0,
            "temperature": 71.0,
            "date": "2025-11-04",
            "time": "12:02:19",
            "timestamp": "2025-11-04T12:02:19.436485"
        },
        {
            "ph": 8.0,
            "free_chlorine": 0.0,
            "total_chlorine": 0.0,
            "alkalinity": 240.0,
            "calcium_hardness": 100.0,
            "cyanuric_acid": 50.0,
            "salt": 2700.0,
            "bromine": 8.0,
            "temperature": 71.0,
            "date": "2025-11-04",
            "time": "12:06:29",
            "timestamp": "2025-11-04T12:06:29.308426"
        },
        {
            "ph": 8.0,
            "free_chlorine": 0.0,
            "total_chlorine": 0.0,
            "alkalinity": 240.0,
            "calcium_hardness": 100.0,
            "cyanuric_acid": 50.0,
            "salt": 2700.0,
            "bromine": 2.0,
            "temperature": 71.0,
            "date": "2025-11-04",
            "time": "12:06:45",
            "timestamp": "2025-11-04T12:06:45.508848"
        },
        {
            "ph": 8.0,
            "free_chlorine": 1.0,
            "total_chlorine": 1.0,
            "alkalinity": 240.0,
            "calcium_hardness": 100.0,
            "cyanuric_acid": 50.0,
            "salt": 2700.0,
            "bromine": 2.0,
            "temperature": 71.0,
            "date": "2025-11-04",
            "time": "12:06:55",
            "timestamp": "2025-11-04T12:06:55.025869"
        },
        {
            "ph": 8.0,
            "free_chlorine": 1.0,
            "total_chlorine": 1.0,
            "alkalinity": 240.0,
            "calcium_hardness": 100.0,
            "cyanuric_acid": 50.0,
            "salt": 2700.0,
            "bromine": 2.0,
            "temperature": 71.0,
            "date": "2025-11-04",
            "time": "12:06:57",
            "timestamp": "2025-11-04T12:06:57.443089"
        },
        {
            "ph": 8.0,
            "free_chlorine": 1.0,
            "total_chlorine": 1.0,
            "alkalinity": 240.0,
            "calcium_hardness": 100.0,
            "cyanuric_acid": 50.0,
            "salt": 2700.0,
            "bromine": 2.0,
            "temperature": 71.0,
            "date": "2025-11-04",
            "time": "12:07:00",
            "timestamp": "2025-11-04T12:07:00.132453"
        },
        {
            "ph": 7.5,
            "free_chlorine": 1.0,
            "total_chlorine": 1.0,
            "alkalinity": 240.0,
            "calcium_hardness": 100.0,
            "cyanuric_acid": 50.0,
            "salt": 2700.0,
            "bromine": 2.0,
            "temperature": 78.4,
            "date": "2025-11-04",
            "time": "12:07:12",
            "timestamp": "2025-11-04T12:07:12.893507"
        },
        {
            "ph": 7.0,
            "free_chlorine": 1.0,
            "total_chlorine": 1.0,
            "alkalinity": 100.0,
            "calcium_hardness": 199.0,
            "cyanuric_acid": 33.0,
            "salt": 2800.0,
            "temperature": 71.0,
            "date": "2025-11-04",
            "time": "12:11:50",
            "timestamp": "2025-11-04T12:11:50.591041"
        },
        {
            "ph": 7.0,
            "free_chlorine": 1.0,
            "total_chlorine": 1.0,
            "alkalinity": 100.0,
            "calcium_hardness": 199.0,
            "cyanuric_acid": 33.0,
            "salt": 2800.0,
            "temperature": 71.0,
            "date": "2025-11-04",
            "time": "12:11:53",
            "timestamp": "2025-11-04T12:11:53.356397"
        },
        {
            "ph": 7.0,
            "free_chlorine": 1.0,
            "total_chlorine": 1.0,
            "alkalinity": 100.0,
            "calcium_hardness": 199.0,
            "cyanuric_acid": 33.0,
            "salt": 2800.0,
            "bromine": 2.0,
            "temperature": 71.0,
            "date": "2025-11-04",
            "time": "12:12:24",
            "timestamp": "2025-11-04T12:12:24.850314"
        },
        {
            "ph": 6.0,
            "free_chlorine": 1.0,
            "total_chlorine": 1.0,
            "alkalinity": 10.0,
            "calcium_hardness": 200.0,
            "cyanuric_acid": 33.0,
            "salt": 2800.0,
            "bromine": 2.0,
            "temperature": 71.0,
            "date": "2025-11-04",
            "time": "12:24:41",
            "timestamp": "2025-11-04T12:24:41.326478"
        },
        {
            "ph": 6.0,
            "free_chlorine": 2.0,
            "total_chlorine": 1.0,
            "alkalinity": 10.0,
            "calcium_hardness": 200.0,
            "cyanuric_acid": 33.0,
            "salt": 2800.0,
            "bromine": 2.0,
            "temperature": 71.0,
            "date": "2025-11-04",
            "time": "12:25:11",
            "timestamp": "2025-11-04T12:25:11.283770"
        },
        {
            "ph": 6.0,
            "free_chlorine": 2.0,
            "date": "2025-11-04",
            "time": "12:25:28",
            "timestamp": "2025-11-04T12:25:28.577954"
        },
        {
            "ph": 7.0,
            "free_chlorine": 1.0,
            "total_chlorine": 1.0,
            "alkalinity": 100.0,
            "calcium_hardness": 200.0,
            "cyanuric_acid": 29.0,
            "salt": 2899.0,
            "bromine": 3.0,
            "temperature": 71.0,
            "date": "2025-11-04",
            "time": "12:44:01",
            "timestamp": "2025-11-04T12:44:01.046549"
        },
        {
            "ph": 7.0,
            "free_chlorine": 1.0,
            "total_chlorine": 1.0,
            "alkalinity": 220.0,
            "calcium_hardness": 100.0,
            "cyanuric_acid": 22.0,
            "salt": 2800.0,
            "bromine": 2.0,
            "temperature": 71.0,
            "date": "2025-11-04",
            "time": "13:00:16",
            "timestamp": "2025-11-04T13:00:16.395502"
        },
        {
            "ph": 7.0,
            "free_chlorine": 1.0,
            "total_chlorine": 1.0,
            "alkalinity": 100.0,
            "calcium_hardness": 199.0,
            "cyanuric_acid": 29.0,
            "salt": 2800.0,
            "bromine": 3.0,
            "temperature": 71.0,
            "date": "2025-11-04",
            "time": "13:17:10",
            "timestamp": "2025-11-04T13:17:10.640122"
        },
        {
            "ph": 7.0,
            "free_chlorine": 1.0,
            "total_chlorine": 1.0,
            "alkalinity": 100.0,
            "calcium_hardness": 199.0,
            "cyanuric_acid": 29.0,
            "salt": 2800.0,
            "bromine": 3.0,
            "temperature": 71.0,
            "date": "2025-11-04",
            "time": "13:17:21",
            "timestamp": "2025-11-04T13:17:21.862964"
        },
        {
            "ph": 6.0,
            "free_chlorine": 1.0,
            "total_chlorine": 1.0,
            "alkalinity": 100.0,
            "calcium_hardness": 299.0,
            "cyanuric_acid": 33.0,
            "salt": 2800.0,
            "bromine": 3.0,
            "temperature": 71.0,
            "date": "2025-11-04",
            "time": "13:30:38",
            "timestamp": "2025-11-04T13:30:38.473235"
        },
        {
            "ph": 7.2,
            "free_chlorine": 1.0,
            "total_chlorine": 1.0,
            "alkalinity": 100.0,
            "calcium_hardness": 299.0,
            "cyanuric_acid": 33.0,
            "salt": 2800.0,
            "bromine": 3.0,
            "temperature": 71.0,
            "date": "2025-11-04",
            "time": "13:30:50",
            "timestamp": "2025-11-04T13:30:50.017653"
        },
        {
            "ph": 8.2,
            "free_chlorine": 1.0,
            "total_chlorine": 1.0,
            "alkalinity": 100.0,
            "calcium_hardness": 299.0,
            "cyanuric_acid": 33.0,
            "salt": 2800.0,
            "bromine": 3.0,
            "temperature": 71.0,
            "date": "2025-11-04",
            "time": "13:31:21",
            "timestamp": "2025-11-04T13:31:21.341901"
        },
        {
            "ph": 8.0,
            "free_chlorine": 1.0,
            "total_chlorine": 1.0,
            "alkalinity": 100.0,
            "calcium_hardness": 299.0,
            "cyanuric_acid": 33.0,
            "salt": 2800.0,
            "bromine": 3.0,
            "temperature": 71.0,
            "date": "2025-11-04",
            "time": "13:31:33",
            "timestamp": "2025-11-04T13:31:33.641116"
        },
        {
            "ph": 8.0,
            "free_chlorine": 1.0,
            "total_chlorine": 1.0,
            "alkalinity": 100.0,
            "calcium_hardness": 299.0,
            "cyanuric_acid": 33.0,
            "salt": 2800.0,
            "bromine": 3.0,
            "temperature": 71.0,
            "date": "2025-11-04",
            "time": "13:31:35",
            "timestamp": "2025-11-04T13:31:35.317250"
        },
        {
            "ph": 7.0,
            "free_chlorine": 1.0,
            "total_chlorine": 1.0,
            "alkalinity": 100.0,
            "calcium_hardness": 200.0,
            "cyanuric_acid": 33.0,
            "salt": 2800.0,
            "bromine": 4.0,
            "temperature": 71.0,
            "date": "2025-11-04",
            "time": "13:50:53",
            "timestamp": "2025-11-04T13:50:53.509858"
        },
        {
            "ph": 7.0,
            "free_chlorine": 1.0,
            "total_chlorine": 1.0,
            "alkalinity": 89.0,
            "calcium_hardness": 178.0,
            "cyanuric_acid": 26.0,
            "salt": 2899.0,
            "bromine": 3.0,
            "temperature": 71.0,
            "date": "2025-11-04",
            "time": "13:55:04",
            "timestamp": "2025-11-04T13:55:04.607761"
        },
        {
            "ph": 7.0,
            "free_chlorine": 3.0,
            "total_chlorine": 2.0,
            "alkalinity": 89.0,
            "calcium_hardness": 178.0,
            "cyanuric_acid": 26.0,
            "salt": 2899.0,
            "bromine": 3.0,
            "temperature": 71.0,
            "date": "2025-11-04",
            "time": "13:55:24",
            "timestamp": "2025-11-04T13:55:24.295304"
        },
        {
            "ph": 7.0,
            "free_chlorine": 3.0,
            "total_chlorine": 2.0,
            "alkalinity": 89.0,
            "calcium_hardness": 178.0,
            "cyanuric_acid": 26.0,
            "salt": 2899.0,
            "bromine": 3.0,
            "temperature": 71.0,
            "date": "2025-11-04",
            "time": "13:55:52",
            "timestamp": "2025-11-04T13:55:52.325828"
        },
        {
            "ph": 7.0,
            "free_chlorine": 3.0,
            "total_chlorine": 2.0,
            "alkalinity": 89.0,
            "calcium_hardness": 178.0,
            "cyanuric_acid": 26.0,
            "salt": 2899.0,
            "bromine": 3.0,
            "temperature": 71.0,
            "date": "2025-11-04",
            "time": "13:56:23",
            "timestamp": "2025-11-04T13:56:23.048601"
        },
        {
            "ph": 7.4,
            "free_chlorine": 3.0,
            "total_chlorine": 2.0,
            "alkalinity": 89.0,
            "calcium_hardness": 178.0,
            "cyanuric_acid": 26.0,
            "salt": 2899.0,
            "bromine": 3.0,
            "temperature": 79.3,
            "date": "2025-11-04",
            "time": "13:57:20",
            "timestamp": "2025-11-04T13:57:20.078560"
        },
        {
            "ph": 7.4,
            "free_chlorine": 3.0,
            "total_chlorine": 2.0,
            "alkalinity": 89.0,
            "calcium_hardness": 178.0,
            "cyanuric_acid": 26.0,
            "salt": 2899.0,
            "bromine": 3.0,
            "temperature": 79.3,
            "date": "2025-11-04",
            "time": "13:58:31",
            "timestamp": "2025-11-04T13:58:31.782860"
        },
        {
            "ph": 7.0,
            "free_chlorine": 1.0,
            "total_chlorine": 1.0,
            "alkalinity": 89.0,
            "calcium_hardness": 199.0,
            "cyanuric_acid": 33.0,
            "salt": 2800.0,
            "bromine": 3.0,
            "temperature": 72.0,
            "date": "2025-11-04",
            "time": "14:13:45",
            "timestamp": "2025-11-04T14:13:45.940641"
        },
        {
            "ph": 7.0,
            "free_chlorine": 1.0,
            "total_chlorine": 1.0,
            "alkalinity": 89.0,
            "calcium_hardness": 199.0,
            "cyanuric_acid": 33.0,
            "salt": 2800.0,
            "bromine": 3.0,
            "temperature": 72.0,
            "date": "2025-11-04",
            "time": "14:13:53",
            "timestamp": "2025-11-04T14:13:53.980917"
        },
        {
            "ph": 6.0,
            "free_chlorine": 1.0,
            "total_chlorine": 1.0,
            "alkalinity": 100.0,
            "calcium_hardness": 220.0,
            "cyanuric_acid": 33.0,
            "salt": 2899.0,
            "bromine": 3.0,
            "temperature": 71.0,
            "date": "2025-11-04",
            "time": "14:23:14",
            "timestamp": "2025-11-04T14:23:14.268007"
        },
        {
            "ph": 7.0,
            "free_chlorine": 1.0,
            "total_chlorine": 1.0,
            "alkalinity": 100.0,
            "calcium_hardness": 220.0,
            "cyanuric_acid": 33.0,
            "salt": 2899.0,
            "bromine": 3.0,
            "temperature": 71.0,
            "date": "2025-11-04",
            "time": "14:23:22",
            "timestamp": "2025-11-04T14:23:22.719207"
        },
        {
            "ph": 7.0,
            "free_chlorine": 1.0,
            "total_chlorine": 1.0,
            "alkalinity": 89.0,
            "calcium_hardness": 166.0,
            "cyanuric_acid": 33.0,
            "salt": 2800.0,
            "bromine": 3.0,
            "temperature": 71.0,
            "date": "2025-11-04",
            "time": "14:31:15",
            "timestamp": "2025-11-04T14:31:15.360727"
        },
        {
            "ph": 6.0,
            "free_chlorine": 1.0,
            "total_chlorine": 1.0,
            "alkalinity": 89.0,
            "calcium_hardness": 166.0,
            "cyanuric_acid": 33.0,
            "salt": 2800.0,
            "bromine": 3.0,
            "temperature": 71.0,
            "date": "2025-11-04",
            "time": "14:32:18",
            "timestamp": "2025-11-04T14:32:18.456611"
        },
        {
            "ph": 7.0,
            "free_chlorine": 1.0,
            "total_chlorine": 1.0,
            "alkalinity": 78.0,
            "calcium_hardness": 166.0,
            "cyanuric_acid": 33.0,
            "salt": 2890.0,
            "bromine": 3.0,
            "temperature": 71.0,
            "date": "2025-11-04",
            "time": "15:06:38",
            "timestamp": "2025-11-04T15:06:38.389888"
        },
        {
            "ph": 4.0,
            "free_chlorine": 1.0,
            "total_chlorine": 1.0,
            "alkalinity": 78.0,
            "calcium_hardness": 166.0,
            "cyanuric_acid": 33.0,
            "salt": 2890.0,
            "bromine": 3.0,
            "temperature": 71.0,
            "date": "2025-11-04",
            "time": "15:06:49",
            "timestamp": "2025-11-04T15:06:49.198911"
        },
        {
            "ph": 7.0,
            "free_chlorine": 1.0,
            "total_chlorine": 1.0,
            "alkalinity": 89.0,
            "calcium_hardness": 199.0,
            "cyanuric_acid": 33.0,
            "salt": 2800.0,
            "bromine": 3.0,
            "temperature": 71.0,
            "date": "2025-11-04",
            "time": "15:14:05",
            "timestamp": "2025-11-04T15:14:05.817072"
        },
        {
            "ph": 7.0,
            "free_chlorine": 1.0,
            "total_chlorine": 1.0,
            "alkalinity": 89.0,
            "calcium_hardness": 199.0,
            "cyanuric_acid": 23.0,
            "salt": 2800.0,
            "bromine": 3.0,
            "temperature": 71.0,
            "date": "2025-11-04",
            "time": "15:54:59",
            "timestamp": "2025-11-04T15:54:59.020360"
        },
        {
            "ph": 7.0,
            "free_chlorine": 1.0,
            "total_chlorine": 1.0,
            "alkalinity": 89.0,
            "calcium_hardness": 199.0,
            "cyanuric_acid": 23.0,
            "salt": 2800.0,
            "bromine": 3.0,
            "temperature": 71.0,
            "date": "2025-11-04",
            "time": "15:55:06",
            "timestamp": "2025-11-04T15:55:06.551041"
        },
        {
            "ph": 7.0,
            "free_chlorine": 1.0,
            "total_chlorine": 1.0,
            "alkalinity": 89.0,
            "calcium_hardness": 199.0,
            "cyanuric_acid": 23.0,
            "salt": 2800.0,
            "bromine": 3.0,
            "temperature": 71.0,
            "date": "2025-11-04",
            "time": "15:57:56",
            "timestamp": "2025-11-04T15:57:56.060744"
        },
        {
            "ph": 7.0,
            "free_chlorine": 1.0,
            "total_chlorine": 1.0,
            "alkalinity": 89.0,
            "calcium_hardness": 199.0,
            "cyanuric_acid": 23.0,
            "salt": 2800.0,
            "bromine": 3.0,
            "temperature": 71.0,
            "date": "2025-11-04",
            "time": "15:57:57",
            "timestamp": "2025-11-04T15:57:57.633151"
        },
        {
            "ph": 7.0,
            "free_chlorine": 1.0,
            "total_chlorine": 1.0,
            "alkalinity": 78.0,
            "calcium_hardness": 188.0,
            "cyanuric_acid": 43.0,
            "salt": 2800.0,
            "bromine": 3.0,
            "temperature": 71.0,
            "date": "2025-11-04",
            "time": "16:08:35",
            "timestamp": "2025-11-04T16:08:35.791161"
        },
        {
            "ph": 7.0,
            "free_chlorine": 1.0,
            "total_chlorine": 1.0,
            "alkalinity": 78.0,
            "calcium_hardness": 188.0,
            "cyanuric_acid": 43.0,
            "salt": 2800.0,
            "bromine": 3.0,
            "temperature": 71.0,
            "date": "2025-11-04",
            "time": "16:08:46",
            "timestamp": "2025-11-04T16:08:46.258592"
        },
        {
            "ph": 7.0,
            "free_chlorine": 1.0,
            "total_chlorine": 1.0,
            "alkalinity": 78.0,
            "calcium_hardness": 188.0,
            "cyanuric_acid": 43.0,
            "salt": 2800.0,
            "bromine": 3.0,
            "temperature": 71.0,
            "date": "2025-11-04",
            "time": "16:11:00",
            "timestamp": "2025-11-04T16:11:00.605819"
        },
        {
            "ph": 8.0,
            "free_chlorine": 0.0,
            "total_chlorine": 0.0,
            "alkalinity": 240.0,
            "calcium_hardness": 100.0,
            "cyanuric_acid": 50.0,
            "salt": 2700.0,
            "bromine": 8.0,
            "temperature": 78.9,
            "date": "2025-11-04",
            "time": "16:11:40",
            "timestamp": "2025-11-04T16:11:40.052414"
        },
        {
            "ph": 7.0,
            "free_chlorine": 3.0,
            "total_chlorine": 3.0,
            "alkalinity": 240.0,
            "calcium_hardness": 100.0,
            "cyanuric_acid": 50.0,
            "salt": 2700.0,
            "bromine": 8.0,
            "temperature": 78.9,
            "date": "2025-11-04",
            "time": "16:14:15",
            "timestamp": "2025-11-04T16:14:15.268265"
        },
        {
            "ph": 7.0,
            "free_chlorine": 3.0,
            "total_chlorine": 3.0,
            "alkalinity": 240.0,
            "calcium_hardness": 100.0,
            "cyanuric_acid": 50.0,
            "salt": 2700.0,
            "bromine": 2.0,
            "temperature": 78.9,
            "date": "2025-11-04",
            "time": "16:14:22",
            "timestamp": "2025-11-04T16:14:22.490906"
        },
        {
            "ph": 7.0,
            "free_chlorine": 1.0,
            "total_chlorine": 1.0,
            "alkalinity": 89.0,
            "calcium_hardness": 199.0,
            "cyanuric_acid": 33.0,
            "salt": 2899.0,
            "bromine": 3.0,
            "temperature": 72.0,
            "date": "2025-11-04",
            "time": "17:18:09",
            "timestamp": "2025-11-04T17:18:09.927923"
        },
        {
            "ph": 7.0,
            "free_chlorine": 1.0,
            "total_chlorine": 1.0,
            "alkalinity": 89.0,
            "calcium_hardness": 199.0,
            "cyanuric_acid": 33.0,
            "salt": 2899.0,
            "bromine": 3.0,
            "temperature": 72.0,
            "date": "2025-11-04",
            "time": "17:19:18",
            "timestamp": "2025-11-04T17:19:18.823584"
        },
        {
            "ph": 7.4,
            "free_chlorine": 1.0,
            "total_chlorine": 1.0,
            "alkalinity": 89.0,
            "calcium_hardness": 199.0,
            "cyanuric_acid": 33.0,
            "salt": 2899.0,
            "bromine": 3.0,
            "temperature": 79.3,
            "date": "2025-11-04",
            "time": "17:19:25",
            "timestamp": "2025-11-04T17:19:25.134607"
        },
        {
            "ph": 7.4,
            "free_chlorine": 1.0,
            "total_chlorine": 1.0,
            "alkalinity": 89.0,
            "calcium_hardness": 199.0,
            "cyanuric_acid": 33.0,
            "salt": 2899.0,
            "bromine": 3.0,
            "temperature": 79.3,
            "date": "2025-11-04",
            "time": "17:19:34",
            "timestamp": "2025-11-04T17:19:34.984558"
        },
        {
            "ph": 7.4,
            "free_chlorine": 1.0,
            "total_chlorine": 1.0,
            "alkalinity": 89.0,
            "calcium_hardness": 199.0,
            "cyanuric_acid": 33.0,
            "salt": 2899.0,
            "bromine": 3.0,
            "temperature": 79.3,
            "date": "2025-11-04",
            "time": "17:21:47",
            "timestamp": "2025-11-04T17:21:47.972333"
        },
        {
            "ph": 7.0,
            "free_chlorine": 1.0,
            "total_chlorine": 1.0,
            "alkalinity": 99.0,
            "calcium_hardness": 199.0,
            "cyanuric_acid": 33.0,
            "salt": 2800.0,
            "bromine": 3.0,
            "temperature": 71.0,
            "date": "2025-11-04",
            "time": "17:38:30",
            "timestamp": "2025-11-04T17:38:30.196690"
        },
        {
            "ph": 3.0,
            "free_chlorine": 1.0,
            "total_chlorine": 1.0,
            "alkalinity": 99.0,
            "calcium_hardness": 199.0,
            "cyanuric_acid": 33.0,
            "salt": 2800.0,
            "bromine": 3.0,
            "temperature": 71.0,
            "date": "2025-11-04",
            "time": "17:38:58",
            "timestamp": "2025-11-04T17:38:58.901132"
        },
        {
            "ph": 6.0,
            "free_chlorine": 1.0,
            "total_chlorine": 1.0,
            "alkalinity": 100.0,
            "calcium_hardness": 220.0,
            "cyanuric_acid": 33.0,
            "salt": 2800.0,
            "bromine": 3.0,
            "temperature": 71.0,
            "date": "2025-11-04",
            "time": "17:44:23",
            "timestamp": "2025-11-04T17:44:23.047985"
        },
        {
            "ph": 6.0,
            "free_chlorine": 1.0,
            "total_chlorine": 1.0,
            "alkalinity": 88.0,
            "calcium_hardness": 200.0,
            "cyanuric_acid": 33.0,
            "salt": 2899.0,
            "bromine": 3.0,
            "temperature": 71.0,
            "date": "2025-11-04",
            "time": "17:57:55",
            "timestamp": "2025-11-04T17:57:55.931573"
        },
        {
            "ph": 6.0,
            "free_chlorine": 1.0,
            "total_chlorine": 1.0,
            "alkalinity": 88.0,
            "calcium_hardness": 200.0,
            "cyanuric_acid": 33.0,
            "salt": 2899.0,
            "bromine": 3.0,
            "temperature": 71.0,
            "date": "2025-11-04",
            "time": "18:01:17",
            "timestamp": "2025-11-04T18:01:17.802754"
        },
        {
            "ph": 6.0,
            "free_chlorine": 2.0,
            "total_chlorine": 3.0,
            "alkalinity": 99.0,
            "calcium_hardness": 299.0,
            "cyanuric_acid": 33.0,
            "salt": 2899.0,
            "bromine": 3.0,
            "temperature": 71.0,
            "date": "2025-11-04",
            "time": "18:02:09",
            "timestamp": "2025-11-04T18:02:09.732509"
        },
        {
            "ph": 6.0,
            "free_chlorine": 2.0,
            "total_chlorine": 3.0,
            "alkalinity": 99.0,
            "calcium_hardness": 299.0,
            "cyanuric_acid": 33.0,
            "salt": 2899.0,
            "bromine": 3.0,
            "temperature": 71.0,
            "date": "2025-11-04",
            "time": "18:02:17",
            "timestamp": "2025-11-04T18:02:17.874447"
        },
        {
            "ph": 6.0,
            "free_chlorine": 2.0,
            "total_chlorine": 1.0,
            "alkalinity": 88.0,
            "calcium_hardness": 199.0,
            "cyanuric_acid": 33.0,
            "salt": 2800.0,
            "bromine": 3.0,
            "temperature": 71.0,
            "date": "2025-11-04",
            "time": "18:10:05",
            "timestamp": "2025-11-04T18:10:05.204772"
        },
        {
            "ph": 6.0,
            "free_chlorine": 2.0,
            "total_chlorine": 1.0,
            "alkalinity": 88.0,
            "calcium_hardness": 199.0,
            "cyanuric_acid": 33.0,
            "salt": 2800.0,
            "bromine": 3.0,
            "temperature": 71.0,
            "date": "2025-11-04",
            "time": "18:10:19",
            "timestamp": "2025-11-04T18:10:19.588287"
        },
        {
            "ph": 6.0,
            "free_chlorine": 1.0,
            "total_chlorine": 1.0,
            "alkalinity": 100.0,
            "calcium_hardness": 200.0,
            "cyanuric_acid": 33.0,
            "salt": 2800.0,
            "bromine": 3.0,
            "temperature": 71.0,
            "date": "2025-11-04",
            "time": "18:19:48",
            "timestamp": "2025-11-04T18:19:48.611102"
        },
        {
            "ph": 7.0,
            "free_chlorine": 1.0,
            "total_chlorine": 1.0,
            "alkalinity": 100.0,
            "calcium_hardness": 220.0,
            "cyanuric_acid": 33.0,
            "salt": 2800.0,
            "bromine": 3.0,
            "temperature": 71.0,
            "date": "2025-11-04",
            "time": "18:25:59",
            "timestamp": "2025-11-04T18:25:59.911005"
        },
        {
            "ph": 7.0,
            "free_chlorine": 1.0,
            "total_chlorine": 1.0,
            "alkalinity": 100.0,
            "calcium_hardness": 220.0,
            "cyanuric_acid": 33.0,
            "salt": 2800.0,
            "bromine": 3.0,
            "temperature": 71.0,
            "date": "2025-11-04",
            "time": "18:26:09",
            "timestamp": "2025-11-04T18:26:09.927238"
        },
        {
            "ph": 7.0,
            "free_chlorine": 1.0,
            "total_chlorine": 1.0,
            "alkalinity": 99.0,
            "calcium_hardness": 220.0,
            "cyanuric_acid": 33.0,
            "salt": 2800.0,
            "bromine": 4.0,
            "temperature": 72.0,
            "date": "2025-11-04",
            "time": "19:30:25",
            "timestamp": "2025-11-04T19:30:25.690997"
        },
        {
            "ph": 7.0,
            "free_chlorine": 1.0,
            "total_chlorine": 1.0,
            "alkalinity": 99.0,
            "calcium_hardness": 220.0,
            "cyanuric_acid": 33.0,
            "salt": 2800.0,
            "bromine": 4.0,
            "temperature": 72.0,
            "date": "2025-11-04",
            "time": "19:30:34",
            "timestamp": "2025-11-04T19:30:34.675275"
        },
        {
            "ph": 7.0,
            "free_chlorine": 1.0,
            "total_chlorine": 3.0,
            "alkalinity": 100.0,
            "calcium_hardness": 199.0,
            "cyanuric_acid": 28.0,
            "salt": 2800.0,
            "bromine": 4.0,
            "temperature": 71.0,
            "date": "2025-11-05",
            "time": "08:34:58",
            "timestamp": "2025-11-05T08:34:58.008839"
        },
        {
            "ph": 5.0,
            "free_chlorine": 1.0,
            "total_chlorine": 3.0,
            "alkalinity": 100.0,
            "calcium_hardness": 199.0,
            "cyanuric_acid": 28.0,
            "salt": 2800.0,
            "bromine": 4.0,
            "temperature": 71.0,
            "date": "2025-11-05",
            "time": "08:35:35",
            "timestamp": "2025-11-05T08:35:35.262552"
        },
        {
            "ph": 7.0,
            "free_chlorine": 1.0,
            "total_chlorine": 1.0,
            "alkalinity": 10.0,
            "calcium_hardness": 100.0,
            "cyanuric_acid": 22.0,
            "salt": 2800.0,
            "bromine": 4.0,
            "temperature": 71.0,
            "date": "2025-11-05",
            "time": "09:04:41",
            "timestamp": "2025-11-05T09:04:41.283738"
        },
        {
            "ph": 6.0,
            "free_chlorine": 1.0,
            "total_chlorine": 1.0,
            "alkalinity": 100.0,
            "calcium_hardness": 200.0,
            "cyanuric_acid": 33.0,
            "salt": 2800.0,
            "bromine": 4.0,
            "temperature": 71.0,
            "date": "2025-11-05",
            "time": "09:23:24",
            "timestamp": "2025-11-05T09:23:24.380695"
        },
        {
            "ph": 7.0,
            "free_chlorine": 1.0,
            "total_chlorine": 2.0,
            "alkalinity": 99.0,
            "calcium_hardness": 200.0,
            "cyanuric_acid": 33.0,
            "salt": 2800.0,
            "bromine": 4.0,
            "temperature": 71.0,
            "date": "2025-11-05",
            "time": "09:31:25",
            "timestamp": "2025-11-05T09:31:25.643828"
        },
        {
            "ph": 6.0,
            "free_chlorine": 1.0,
            "total_chlorine": 1.0,
            "alkalinity": 100.0,
            "calcium_hardness": 200.0,
            "cyanuric_acid": 33.0,
            "salt": 2800.0,
            "bromine": 4.0,
            "temperature": 71.0,
            "date": "2025-11-05",
            "time": "09:33:43",
            "timestamp": "2025-11-05T09:33:43.495485"
        },
        {
            "ph": 6.0,
            "free_chlorine": 1.0,
            "total_chlorine": 1.0,
            "alkalinity": 100.0,
            "calcium_hardness": 200.0,
            "cyanuric_acid": 33.0,
            "salt": 2800.0,
            "bromine": 4.0,
            "temperature": 71.0,
            "date": "2025-11-05",
            "time": "09:34:31",
            "timestamp": "2025-11-05T09:34:31.644930"
        },
        {
            "ph": 6.0,
            "free_chlorine": 1.0,
            "total_chlorine": 3.0,
            "alkalinity": 99.0,
            "calcium_hardness": 189.0,
            "cyanuric_acid": 33.0,
            "salt": 2800.0,
            "bromine": 5.0,
            "temperature": 71.0,
            "date": "2025-11-05",
            "time": "09:35:48",
            "timestamp": "2025-11-05T09:35:48.013852"
        },
        {
            "ph": 7.0,
            "free_chlorine": 1.0,
            "total_chlorine": 1.0,
            "alkalinity": 99.0,
            "calcium_hardness": 220.0,
            "cyanuric_acid": 33.0,
            "salt": 2800.0,
            "bromine": 4.0,
            "temperature": 71.0,
            "date": "2025-11-05",
            "time": "09:39:36",
            "timestamp": "2025-11-05T09:39:36.118133"
        },
        {
            "ph": 7.0,
            "free_chlorine": 1.0,
            "total_chlorine": 1.0,
            "alkalinity": 99.0,
            "calcium_hardness": 229.0,
            "cyanuric_acid": 33.0,
            "salt": 2800.0,
            "bromine": 4.0,
            "temperature": 71.0,
            "date": "2025-11-05",
            "time": "09:40:30",
            "timestamp": "2025-11-05T09:40:30.888991"
        },
        {
            "ph": 7.0,
            "free_chlorine": 1.0,
            "total_chlorine": 1.0,
            "alkalinity": 99.0,
            "calcium_hardness": 220.0,
            "cyanuric_acid": 33.0,
            "salt": 2800.0,
            "bromine": 4.0,
            "temperature": 71.0,
            "date": "2025-11-05",
            "time": "09:42:34",
            "timestamp": "2025-11-05T09:42:34.774624"
        },
        {
            "ph": 7.0,
            "free_chlorine": 1.0,
            "total_chlorine": 3.0,
            "alkalinity": 99.0,
            "calcium_hardness": 199.0,
            "cyanuric_acid": 33.0,
            "salt": 2800.0,
            "bromine": 3.0,
            "temperature": 72.0,
            "date": "2025-11-05",
            "time": "10:24:01",
            "timestamp": "2025-11-05T10:24:01.995262"
        },
        {
            "ph": 7.0,
            "free_chlorine": 1.0,
            "total_chlorine": 3.0,
            "alkalinity": 99.0,
            "calcium_hardness": 199.0,
            "cyanuric_acid": 33.0,
            "salt": 2800.0,
            "bromine": 3.0,
            "temperature": 72.0,
            "date": "2025-11-05",
            "time": "10:24:08",
            "timestamp": "2025-11-05T10:24:08.311061"
        },
        {
            "ph": 6.0,
            "free_chlorine": 1.0,
            "total_chlorine": 3.0,
            "alkalinity": 89.0,
            "calcium_hardness": 200.0,
            "cyanuric_acid": 33.0,
            "salt": 2800.0,
            "bromine": 5.0,
            "temperature": 71.0,
            "date": "2025-11-05",
            "time": "10:34:45",
            "timestamp": "2025-11-05T10:34:45.668471"
        },
        {
            "ph": 7.0,
            "free_chlorine": 1.0,
            "total_chlorine": 1.0,
            "alkalinity": 99.0,
            "calcium_hardness": 200.0,
            "cyanuric_acid": 33.0,
            "salt": 2800.0,
            "bromine": 5.0,
            "temperature": 73.0,
            "date": "2025-11-05",
            "time": "11:53:08",
            "timestamp": "2025-11-05T11:53:08.423863"
        },
        {
            "ph": 7.0,
            "free_chlorine": 1.0,
            "total_chlorine": 1.0,
            "alkalinity": 100.0,
            "calcium_hardness": 200.0,
            "cyanuric_acid": 33.0,
            "salt": 2800.0,
            "bromine": 4.0,
            "temperature": 71.0,
            "date": "2025-11-05",
            "time": "12:31:22",
            "timestamp": "2025-11-05T12:31:22.501044"
        },
        {
            "ph": 7.0,
            "free_chlorine": 1.0,
            "total_chlorine": 3.0,
            "alkalinity": 100.0,
            "calcium_hardness": 220.0,
            "cyanuric_acid": 33.0,
            "salt": 2800.0,
            "bromine": 4.0,
            "temperature": 71.0,
            "date": "2025-11-05",
            "time": "12:48:20",
            "timestamp": "2025-11-05T12:48:20.700657"
        },
        {
            "ph": 7.0,
            "free_chlorine": 2.0,
            "total_chlorine": 3.0,
            "alkalinity": 88.0,
            "calcium_hardness": 220.0,
            "cyanuric_acid": 33.0,
            "salt": 2800.0,
            "bromine": 3.0,
            "temperature": 71.0,
            "date": "2025-11-06",
            "time": "07:19:34",
            "timestamp": "2025-11-06T07:19:34.451545"
        },
        {
            "ph": 6.0,
            "free_chlorine": 2.0,
            "total_chlorine": 3.0,
            "alkalinity": 88.0,
            "calcium_hardness": 220.0,
            "cyanuric_acid": 33.0,
            "salt": 2800.0,
            "bromine": 3.0,
            "temperature": 71.0,
            "date": "2025-11-06",
            "time": "07:25:29",
            "timestamp": "2025-11-06T07:25:29.384973"
        },
        {
            "ph": 6.0,
            "free_chlorine": 2.0,
            "total_chlorine": 3.0,
            "alkalinity": 88.0,
            "calcium_hardness": 220.0,
            "cyanuric_acid": 22.0,
            "salt": 2800.0,
            "bromine": 3.0,
            "temperature": 71.0,
            "date": "2025-11-06",
            "time": "07:25:57",
            "timestamp": "2025-11-06T07:25:57.356083"
        },
        {
            "ph": 7.0,
            "free_chlorine": 2.0,
            "total_chlorine": 3.0,
            "alkalinity": 22.0,
            "calcium_hardness": 189.0,
            "cyanuric_acid": 33.0,
            "salt": 2800.0,
            "bromine": 3.0,
            "temperature": 72.0,
            "date": "2025-11-06",
            "time": "09:15:52",
            "timestamp": "2025-11-06T09:15:52.498492"
        },
        {
            "ph": 6.0,
            "free_chlorine": 1.0,
            "total_chlorine": 4.0,
            "alkalinity": 100.0,
            "calcium_hardness": 220.0,
            "cyanuric_acid": 33.0,
            "salt": 2800.0,
            "bromine": 3.0,
            "temperature": 71.0,
            "date": "2025-11-06",
            "time": "11:53:25",
            "timestamp": "2025-11-06T11:53:25.636923"
        },
        {
            "ph": 6.0,
            "free_chlorine": 1.0,
            "total_chlorine": 4.0,
            "alkalinity": 100.0,
            "calcium_hardness": 220.0,
            "cyanuric_acid": 33.0,
            "salt": 2800.0,
            "bromine": 3.0,
            "temperature": 71.0,
            "date": "2025-11-06",
            "time": "11:54:11",
            "timestamp": "2025-11-06T11:54:11.575217"
        },
        {
            "ph": 6.0,
            "free_chlorine": 1.0,
            "total_chlorine": 1.0,
            "alkalinity": 100.0,
            "calcium_hardness": 220.0,
            "cyanuric_acid": 33.0,
            "salt": 2899.0,
            "bromine": 3.0,
            "temperature": 71.0,
            "date": "2025-11-06",
            "time": "12:07:36",
            "timestamp": "2025-11-06T12:07:36.798918"
        },
        {
            "ph": 6.0,
            "free_chlorine": 1.0,
            "total_chlorine": 1.0,
            "alkalinity": 100.0,
            "calcium_hardness": 220.0,
            "cyanuric_acid": 33.0,
            "salt": 2899.0,
            "bromine": 3.0,
            "temperature": 71.0,
            "date": "2025-11-06",
            "time": "12:08:48",
            "timestamp": "2025-11-06T12:08:48.791407"
        },
        {
            "ph": 6.0,
            "free_chlorine": 1.0,
            "total_chlorine": 1.0,
            "alkalinity": 100.0,
            "calcium_hardness": 220.0,
            "cyanuric_acid": 33.0,
            "salt": 2800.0,
            "bromine": 3.0,
            "temperature": 71.0,
            "date": "2025-11-06",
            "time": "12:30:44",
            "timestamp": "2025-11-06T12:30:44.470523"
        },
        {
            "ph": 6.0,
            "free_chlorine": 1.0,
            "total_chlorine": 1.0,
            "alkalinity": 100.0,
            "calcium_hardness": 220.0,
            "cyanuric_acid": 33.0,
            "salt": 2800.0,
            "bromine": 3.0,
            "temperature": 71.0,
            "date": "2025-11-06",
            "time": "12:48:56",
            "timestamp": "2025-11-06T12:48:56.636215"
        },
        {
            "ph": 6.0,
            "free_chlorine": 1.0,
            "total_chlorine": 1.0,
            "alkalinity": 100.0,
            "calcium_hardness": 220.0,
            "cyanuric_acid": 33.0,
            "salt": 2800.0,
            "bromine": 3.0,
            "temperature": 71.0,
            "date": "2025-11-06",
            "time": "16:35:20",
            "timestamp": "2025-11-06T16:35:20.281764"
        },
        {
            "ph": 6.0,
            "free_chlorine": 1.0,
            "total_chlorine": 1.0,
            "alkalinity": 100.0,
            "calcium_hardness": 220.0,
            "cyanuric_acid": 33.0,
            "salt": 2800.0,
            "bromine": 3.0,
            "temperature": 71.0,
            "date": "2025-11-06",
            "time": "16:35:31",
            "timestamp": "2025-11-06T16:35:31.762451"
        },
        {
            "ph": 8.0,
            "free_chlorine": 0.0,
            "total_chlorine": 0.0,
            "alkalinity": 240.0,
            "calcium_hardness": 100.0,
            "cyanuric_acid": 50.0,
            "salt": 2700.0,
            "bromine": 8.0,
            "temperature": 71.0,
            "date": "2025-11-06",
            "time": "16:36:26",
            "timestamp": "2025-11-06T16:36:26.191779"
        },
        {
            "ph": 8.0,
            "free_chlorine": 0.0,
            "total_chlorine": 0.0,
            "alkalinity": 240.0,
            "calcium_hardness": 100.0,
            "cyanuric_acid": 50.0,
            "salt": 2700.0,
            "bromine": 8.0,
            "temperature": 71.0,
            "date": "2025-11-06",
            "time": "16:36:28",
            "timestamp": "2025-11-06T16:36:28.176414"
        },
        {
            "ph": 6.0,
            "free_chlorine": 3.0,
            "total_chlorine": 2.0,
            "alkalinity": 100.0,
            "calcium_hardness": 220.0,
            "cyanuric_acid": 33.0,
            "salt": 2800.0,
            "bromine": 3.0,
            "temperature": 72.0,
            "date": "2025-11-06",
            "time": "17:12:54",
            "timestamp": "2025-11-06T17:12:54.024402"
        },
        {
            "ph": 7.0,
            "free_chlorine": 1.0,
            "total_chlorine": 3.0,
            "alkalinity": 100.0,
            "calcium_hardness": 220.0,
            "cyanuric_acid": 33.0,
            "salt": 2800.0,
            "bromine": 4.0,
            "temperature": 71.0,
            "date": "2025-11-06",
            "time": "17:22:41",
            "timestamp": "2025-11-06T17:22:41.752820"
        },
        {
            "ph": 6.0,
            "free_chlorine": 3.0,
            "total_chlorine": 3.0,
            "alkalinity": 100.0,
            "calcium_hardness": 220.0,
            "cyanuric_acid": 33.0,
            "salt": 2800.0,
            "bromine": 4.0,
            "temperature": 72.0,
            "date": "2025-11-06",
            "time": "17:58:16",
            "timestamp": "2025-11-06T17:58:16.600136"
        },
        {
            "ph": 7.0,
            "free_chlorine": 3.0,
            "total_chlorine": 2.0,
            "alkalinity": 100.0,
            "calcium_hardness": 220.0,
            "cyanuric_acid": 33.0,
            "salt": 2800.0,
            "bromine": 3.0,
            "temperature": 71.0,
            "date": "2025-11-06",
            "time": "18:26:58",
            "timestamp": "2025-11-06T18:26:58.309671"
        },
        {
            "ph": 7.0,
            "free_chlorine": 3.0,
            "total_chlorine": 2.0,
            "alkalinity": 100.0,
            "calcium_hardness": 220.0,
            "cyanuric_acid": 33.0,
            "salt": 2800.0,
            "bromine": 3.0,
            "temperature": 71.0,
            "date": "2025-11-06",
            "time": "18:27:17",
            "timestamp": "2025-11-06T18:27:17.242372"
        },
        {
            "ph": 7.0,
            "free_chlorine": 3.0,
            "total_chlorine": 2.0,
            "alkalinity": 100.0,
            "calcium_hardness": 220.0,
            "cyanuric_acid": 33.0,
            "salt": 2800.0,
            "bromine": 3.0,
            "temperature": 71.0,
            "date": "2025-11-06",
            "time": "18:27:28",
            "timestamp": "2025-11-06T18:27:28.889822"
        },
        {
            "ph": 7.0,
            "free_chlorine": 3.0,
            "total_chlorine": 2.0,
            "alkalinity": 100.0,
            "calcium_hardness": 220.0,
            "cyanuric_acid": 33.0,
            "salt": 2800.0,
            "bromine": 3.0,
            "temperature": 71.0,
            "date": "2025-11-06",
            "time": "18:33:08",
            "timestamp": "2025-11-06T18:33:08.884951"
        },
        {
            "ph": 7.0,
            "free_chlorine": 3.0,
            "total_chlorine": 2.0,
            "alkalinity": 100.0,
            "calcium_hardness": 220.0,
            "cyanuric_acid": 33.0,
            "salt": 2800.0,
            "bromine": 3.0,
            "temperature": 74.0,
            "date": "2025-11-06",
            "time": "18:34:21",
            "timestamp": "2025-11-06T18:34:21.372772"
        },
        {
            "ph": 7.2,
            "free_chlorine": 3.0,
            "total_chlorine": 2.0,
            "alkalinity": 100.0,
            "calcium_hardness": 220.0,
            "cyanuric_acid": 33.0,
            "salt": 2800.0,
            "bromine": 3.0,
            "temperature": 74.0,
            "date": "2025-11-06",
            "time": "18:34:40",
            "timestamp": "2025-11-06T18:34:40.138169"
        },
        {
            "ph": 7.2,
            "free_chlorine": 3.0,
            "total_chlorine": 2.0,
            "alkalinity": 100.0,
            "calcium_hardness": 220.0,
            "cyanuric_acid": 33.0,
            "salt": 2800.0,
            "bromine": 3.0,
            "temperature": 74.0,
            "date": "2025-11-06",
            "time": "18:34:54",
            "timestamp": "2025-11-06T18:34:54.350275"
        },
        {
            "ph": 7.0,
            "free_chlorine": 3.0,
            "total_chlorine": 3.0,
            "alkalinity": 100.0,
            "calcium_hardness": 220.0,
            "cyanuric_acid": 33.0,
            "salt": 2800.0,
            "bromine": 4.0,
            "temperature": 75.0,
            "date": "2025-11-06",
            "time": "18:43:56",
            "timestamp": "2025-11-06T18:43:56.353629"
        },
        {
            "ph": 6.0,
            "free_chlorine": 3.0,
            "total_chlorine": 2.0,
            "alkalinity": 100.0,
            "calcium_hardness": 220.0,
            "cyanuric_acid": 33.0,
            "salt": 2800.0,
            "bromine": 3.0,
            "temperature": 75.0,
            "date": "2025-11-06",
            "time": "19:01:05",
            "timestamp": "2025-11-06T19:01:05.958113"
        },
        {
            "ph": 8.0,
            "free_chlorine": 0.0,
            "total_chlorine": 0.0,
            "alkalinity": 240.0,
            "calcium_hardness": 100.0,
            "cyanuric_acid": 50.0,
            "salt": 2700.0,
            "bromine": 8.0,
            "temperature": 75.0,
            "date": "2025-11-06",
            "time": "19:02:29",
            "timestamp": "2025-11-06T19:02:29.936105"
        },
        {
            "ph": 8.0,
            "free_chlorine": 0.0,
            "total_chlorine": 0.0,
            "alkalinity": 240.0,
            "calcium_hardness": 100.0,
            "cyanuric_acid": 50.0,
            "salt": 2700.0,
            "bromine": 3.0,
            "temperature": 75.0,
            "date": "2025-11-06",
            "time": "19:02:47",
            "timestamp": "2025-11-06T19:02:47.487757"
        },
        {
            "ph": 8.0,
            "free_chlorine": 1.0,
            "total_chlorine": 1.0,
            "alkalinity": 240.0,
            "calcium_hardness": 100.0,
            "cyanuric_acid": 50.0,
            "salt": 2700.0,
            "bromine": 3.0,
            "temperature": 75.0,
            "date": "2025-11-06",
            "time": "19:03:02",
            "timestamp": "2025-11-06T19:03:02.359915"
        },
        {
            "ph": 8.0,
            "free_chlorine": 1.0,
            "total_chlorine": 1.0,
            "alkalinity": 240.0,
            "calcium_hardness": 100.0,
            "cyanuric_acid": 50.0,
            "salt": 2700.0,
            "bromine": 3.0,
            "temperature": 75.0,
            "date": "2025-11-06",
            "time": "19:03:09",
            "timestamp": "2025-11-06T19:03:09.867664"
        },
        {
            "ph": 6.2,
            "free_chlorine": 3.0,
            "total_chlorine": 3.0,
            "alkalinity": 180.0,
            "calcium_hardness": 250.0,
            "cyanuric_acid": 100.0,
            "salt": 5000.0,
            "bromine": 2.0,
            "temperature": 75.0,
            "date": "2025-11-06",
            "time": "19:09:51",
            "timestamp": "2025-11-06T19:09:51.735726"
        },
        {
            "ph": 6.2,
            "free_chlorine": 3.0,
            "total_chlorine": 3.0,
            "alkalinity": 180.0,
            "calcium_hardness": 250.0,
            "cyanuric_acid": 100.0,
            "salt": 5000.0,
            "bromine": 2.0,
            "temperature": 75.0,
            "date": "2025-11-06",
            "time": "19:15:01",
            "timestamp": "2025-11-06T19:15:01.495648"
        },
        {
            "ph": 7.0,
            "free_chlorine": 3.0,
            "total_chlorine": 3.0,
            "alkalinity": 100.0,
            "calcium_hardness": 220.0,
            "cyanuric_acid": 33.0,
            "salt": 2899.0,
            "bromine": 3.0,
            "temperature": 75.0,
            "date": "2025-11-06",
            "time": "19:52:19",
            "timestamp": "2025-11-06T19:52:19.461077"
        },
        {
            "ph": 7.2,
            "free_chlorine": 3.0,
            "total_chlorine": 3.0,
            "alkalinity": 100.0,
            "calcium_hardness": 220.0,
            "cyanuric_acid": 33.0,
            "salt": 2899.0,
            "bromine": 3.0,
            "temperature": 75.0,
            "date": "2025-11-06",
            "time": "19:52:42",
            "timestamp": "2025-11-06T19:52:42.740286"
        },
        {
            "ph": 7.2,
            "free_chlorine": 3.0,
            "total_chlorine": 3.0,
            "alkalinity": 89.0,
            "calcium_hardness": 175.0,
            "cyanuric_acid": 33.0,
            "salt": 2800.0,
            "bromine": 3.0,
            "temperature": 77.0,
            "date": "2025-11-06",
            "time": "19:57:57",
            "timestamp": "2025-11-06T19:57:57.737443"
        },
        {
            "ph": 6.0,
            "free_chlorine": 0.0,
            "total_chlorine": 3.0,
            "alkalinity": 89.0,
            "calcium_hardness": 175.0,
            "cyanuric_acid": 33.0,
            "salt": 2800.0,
            "bromine": 3.0,
            "temperature": 77.0,
            "date": "2025-11-06",
            "time": "19:58:11",
            "timestamp": "2025-11-06T19:58:11.383335"
        },
        {
            "ph": 7.0,
            "free_chlorine": 3.0,
            "total_chlorine": 3.0,
            "alkalinity": 100.0,
            "calcium_hardness": 220.0,
            "cyanuric_acid": 10.0,
            "salt": 2800.0,
            "bromine": 3.0,
            "temperature": 75.0,
            "date": "2025-11-07",
            "time": "09:10:48",
            "timestamp": "2025-11-07T09:10:48.830023"
        },
        {
            "ph": 7.0,
            "free_chlorine": 3.0,
            "total_chlorine": 3.0,
            "alkalinity": 100.0,
            "calcium_hardness": 220.0,
            "cyanuric_acid": 10.0,
            "salt": 2800.0,
            "bromine": 3.0,
            "temperature": 75.0,
            "date": "2025-11-07",
            "time": "09:11:03",
            "timestamp": "2025-11-07T09:11:03.326048"
        }
    ]
}