[
  {
    "schedule_id": "SCH_20251106155729",
    "name": "TEST",
    "frequency": "monthly",
    "day_of_month": 1,
    "day_of_week": 1,
    "time": "08:00",
    "pools": [
      "POOL001",
      "POOL002",
      "POOL003"
    ],
    "template": "executive_summary",
    "include_charts": true,
    "email_to": [
      "valcalepi@aol.com"
    ],
    "enabled": true,
    "created_at": "2025-11-06T15:57:29.272877",
    "last_run": null,
    "next_run": "2025-12-01T08:00:00"
  }
]