{
    "customer_info": {
        "name": "Michael Hayes",
        "address": "3165 Crispin Circle Harmony, FL 34773",
        "phone": "401-854-6341",
        "pool_type": "Salt Water Pool"
    },
    "chemistry_data": {
        "readings": [
            {
                "timestamp": "2025-06-21T19:43:48.385557",
                "source": "sensor",
                "values": {
                    "temp": -127.0,
                    "tds": 681
                }
            },
            {
                "timestamp": "2025-06-21T19:43:51.433707",
                "source": "sensor",
                "values": {
                    "temp": -127.0,
                    "tds": 542
                }
            },
            {
                "timestamp": "2025-06-21T19:43:53.506313",
                "source": "sensor",
                "values": {
                    "temp": -127.0,
                    "tds": 511
                }
            },
            {
                "timestamp": "2025-06-21T19:43:59.777712",
                "source": "sensor",
                "values": {
                    "temp": -127.0,
                    "tds": 496
                }
            },
            {
                "timestamp": "2025-06-21T19:44:01.882319",
                "source": "sensor",
                "values": {
                    "temp": -127.0,
                    "tds": 509
                }
            },
            {
                "timestamp": "2025-06-21T19:44:04.938026",
                "source": "sensor",
                "values": {
                    "temp": -127.0,
                    "tds": 509
                }
            },
            {
                "timestamp": "2025-06-21T19:44:08.003807",
                "source": "sensor",
                "values": {
                    "temp": -127.0,
                    "tds": 506
                }
            },
            {
                "timestamp": "2025-06-21T19:44:10.089879",
                "source": "sensor",
                "values": {
                    "temp": -127.0,
                    "tds": 491
                }
            },
            {
                "timestamp": "2025-06-21T20:24:16.605678",
                "source": "sensor",
                "values": {
                    "temp": -127.0,
                    "tds": 487
                }
            },
            {
                "timestamp": "2025-06-21T20:24:17.649013",
                "source": "sensor",
                "values": {
                    "temp": -127.0,
                    "tds": 502
                }
            },
            {
                "timestamp": "2025-06-21T20:24:18.746994",
                "source": "sensor",
                "values": {
                    "temp": -127.0,
                    "tds": 513
                }
            },
            {
                "timestamp": "2025-06-21T20:24:20.849299",
                "source": "sensor",
                "values": {
                    "temp": -127.0,
                    "tds": 487
                }
            },
            {
                "timestamp": "2025-06-21T20:24:22.023184",
                "source": "sensor",
                "values": {
                    "temp": -127.0,
                    "tds": 502
                }
            },
            {
                "timestamp": "2025-06-21T20:24:23.102860",
                "source": "sensor",
                "values": {
                    "temp": -127.0,
                    "tds": 513
                }
            },
            {
                "timestamp": "2025-06-21T20:24:24.153593",
                "source": "sensor",
                "values": {
                    "temp": -127.0,
                    "tds": 692
                }
            }
        ]
    },
    "last_update": "2025-06-21T20:24:25.332475"
}